cluster,n_grids_scored,equity_mean,equity_median,equity_p10,equity_p90,performance_mean,need_mean,cluster_name
0,359,98.0059766906329,98.34186663571357,97.20341597176825,98.49395017320482,2.4671281521705235,-16.044444525023717,"Cluster A — High-Rent, Low Service Volume"
1,1010,98.12821376461085,98.37490734024925,97.78589349926425,98.48674953481157,2.7253549619220654,-24.720354498234858,Cluster B — Dominant Residential
2,1,96.7091838700623,96.7091838700623,96.7091838700623,96.7091838700623,12.386999574967565,-24.76680263366026,Cluster C — High-Density Outlier
3,34,88.64558998022062,89.19176610308048,81.39789381722183,94.26936879014275,79.34360650362699,-9.432280242999138,Cluster D — Slow Resolution Hotspot
