cluster,S1,S2,S3,S4_pos,S4_neg,N1,N2,N3,N4,N5
0,-0.4825693652635189,-0.7485190542917751,-0.1693104452343138,-0.24409229025253762,0.49179560827654945,0.0785236179923447,-0.12177431685624984,-1.3186881158729618,-0.43615194797123874,0.12024442339469818
1,-0.2610760303763473,0.09342565879688067,-0.3722326820847912,-0.645733053448641,-0.10809068031499715,-0.05738814083431141,0.12006822963512101,0.1930993365595753,-0.156162123853127,-0.024222819922396475
2,-0.9073556271362149,-0.20614965441526809,-0.759756376189661,-0.8087658120555885,-0.024943239158847334,-0.11372900687413176,0.4314177821223914,-0.1836964457192282,-0.3431611296306017,-0.04326424990096384
3,0.5696441247654763,0.2077283187736185,0.576378175707908,0.9694293338927881,-0.07231946199904978,0.04309657831493845,-0.11207148346756254,0.3253932656885596,0.4017323363482731,-0.019941343905883226
