cluster,n_grids_scored,equity_mean,equity_median,equity_p10,equity_p90,performance_mean,need_mean,cluster_name
0,761,50.24673153369933,48.612131718752764,45.54935980663406,58.01104847679415,17.148430739792484,21.319339413574212,"Cluster A — High-Rent, Low Service Volume"
1,2290,46.92822620150683,46.70921893040758,45.55494529395781,48.50201727146794,16.218285927035414,48.726925730104576,Cluster B — Dominant Residential
2,30,46.68803557104963,46.44827100775086,45.71145121206536,47.49495687015584,13.031058050525548,45.32409865477269,Cluster C — High-Density Outlier
3,1742,48.07738450695444,47.9202662384321,46.39091293099257,49.9632955151086,23.07901057581876,46.95161396717548,Cluster D — Slow Resolution Hotspot
